5,z,OTTUE,300
I_3,1.0,8,8,zaten,zwolg,zurig
G_3,0.8888888888888888,8,9,zelen,zowat,zurig
C_1,0.8333333333333334,5,6,zeten
H_2,0.8,8,10,zaagt,zenuw
B_2,0.7142857142857143,5,7,zelen,zowat
C_3,0.7142857142857143,10,14,zadel,zemig,zonet
G_2,0.7,7,10,zegel,zowat
I_2,0.6923076923076923,9,13,zaten,zwolg
H_1,0.6875,11,16,zaagt
E_3,0.6363636363636364,7,11,zelen,zowat,zurig
D_3,0.5833333333333334,7,12,zanik,zemel,zorgt
G_1,0.5833333333333334,7,12,zaten
F_2,0.5714285714285714,4,7,zacht,zenuw
F_3,0.5454545454545454,6,11,zedig,zoals,zwijnt
B_3,0.5238095238095238,11,21,zanik,zorgt,zweel
C_2,0.5,5,10,zanik,zoete
A_1,0.5,4,8,zweet
E_2,0.5,4,8,zogen,zwakt
D_2,0.4444444444444444,4,9,zingt,zoele
A_3,0.4375,7,16,zeelt,zonen,zware
D_1,0.4375,7,16,zenit
H_3,0.4166666666666667,5,12,zaden,zoute,zwilk
B_1,0.4166666666666667,5,12,zaten
I_1,0.375,3,8,zaten
E_1,0.3333333333333333,2,6,zaten
A_2,0.3333333333333333,4,12,zwelt
F_1,0.3125,5,16,zacht